sample_id,source_id,sample_label,composition_nominal,family,nitrided,alloy_route,milling,melt_spinning,anneal,nitriding,consolidation,phase_outcome,sample_form,aligned,particle_size_um
SAITO2024-a,SAITO2024,Sm2Fe17N3 powder (unaligned),Sm2Fe17N3,2:17,Y,"reduction-diffusion (Sm2Fe17 powder, ~30 um)",pulverized after nitrogenation (method not stated),,,nitrogenation of Sm2Fe17 powder (T/time/gas not stated),,Th2Zn17-type Sm2Fe17N3,powder,N,3
SAITO2024-b,SAITO2024,"Sm2Fe17N3 powder, magnetically aligned (parallel)",Sm2Fe17N3,2:17,Y,"reduction-diffusion (Sm2Fe17 powder, ~30 um)",pulverized after nitrogenation (method not stated),,,nitrogenation (T/time/gas not stated),,Th2Zn17-type Sm2Fe17N3,aligned powder,Y,3
SAITO2024-c,SAITO2024,"SPS bulk magnet, no additive",Sm2Fe17N3,2:17,Y,reduction-diffusion,pulverized,,,nitrogenation (not stated),"SPS 673 K, 100 MPa, 300 s, vacuum",Sm2Fe17N3,sintered bulk,Y,3
SAITO2024-d,SAITO2024,"SPS bulk magnet, 1 wt% zinc stearate (parallel)",Sm2Fe17N3 + 1 wt% Zn stearate,2:17,Y,reduction-diffusion,pulverized,,,nitrogenation (not stated),SPS (473-673 K range studied; exact temperature for this sample not extracted),Sm2Fe17N3,sintered bulk,Y,3
SAITO2024-e,SAITO2024,"SPS bulk magnet, 1 wt% zinc stearate + 5 wt% Zn",Sm2Fe17N3 + 1 wt% Zn stearate + 5 wt% Zn,2:17,Y,reduction-diffusion,pulverized,,,nitrogenation (not stated),SPS (473-673 K range studied; exact temperature for this sample not extracted),Sm2Fe17N3,sintered bulk,Y,3
SAITO2024-f,SAITO2024,Sm2Fe17 alloy powder,Sm2Fe17,2:17,N,reduction-diffusion,,,,,,Th2Zn17-type Sm2Fe17,powder,N,30
SAITO2024-g,SAITO2024,"Sm2Fe17N3 powder (thermomagnetic, Fig. 3b)",Sm2Fe17N3,2:17,Y,reduction-diffusion,pulverized,,,nitrogenation (not stated),,Sm2Fe17N3,powder,N,3
LIANG2023-a,LIANG2023,"anisotropic powder, 1.3 um",Sm2Fe17N3,2:17,Y,strip casting,ground with surfactant in gasoline,,,N2 gas (T/time not in abstract),,Sm2Fe17N3,powder,not stated in abstract,1.3
LIANG2023-b,LIANG2023,"anisotropic powder, 3.1 um",Sm2Fe17N3,2:17,Y,strip casting,ground with surfactant in gasoline,,,N2 gas (T/time not in abstract),,Sm2Fe17N3,powder (alignment not stated in abstract),not stated in abstract,3.1
LIANG2023-c,LIANG2023,anisotropic powder measured at 10 K (particle size not stated in abstract),Sm2Fe17N3,2:17,Y,strip casting,ground with surfactant in gasoline,,,N2 gas,,Sm2Fe17N3,powder,not stated in abstract,
ZHENG2020-a,ZHENG2020,"USP-HR / R-D powder, 0.616 um",Sm2Fe17N3,2:17,Y,"ultrasonic spray pyrolysis + H2 reduction precursor, Ca reduction-diffusion",,,,nitridation (conditions not in abstract),,"single-phase Sm2Fe17N3, no impurity phases reported",powder,not stated in abstract,0.616
YE2024-a,YE2024,"anisotropic Sm-Fe-N powder, designed milling",Sm-Fe-N (stoichiometry not stated in abstract),2:17,Y,commercial Sm-Fe-N powder,designed milling method (time series),,,,,not stated in abstract,powder (anisotropic),not stated in abstract,
HIRAYAMA2025-a,HIRAYAMA2025,"ITP nanopowder x=6.0, nitrided, aligned in resin","Sm-Fe-N, Fe/Sm ~8.5",1:7,Y,"induction thermal plasma (100 kPa, 6 kW), Sm:Fe feed 1:6",,,"600 C, Ar flow","400 C, N2 flow, 15 min",aligned in resin,TbCu7-type Sm-Fe-N + Fe,aligned powder in resin,Y,0.062
ZHENG2022-a,ZHENG2022,"hot-pressed magnet, 5 wt% Ce72Cu22Al6 binder",Sm2Fe17N3 + 5 wt% Ce72Cu22Al6,2:17,Y,"commercial Sm2Fe17N3 powder (low-oxygen crushing), 4.42 um",,(binder only: 55 m/s),,,"2 T field orientation, CIP 500 MPa, hot press 495 C, 2 GPa, 1.5 min",Sm2Fe17N3 + binder + minor Sm-rich phase,bonded bulk (metal binder),Y,4.42
