meas_id,doi,year,source_id,sample_label,composition_nominal,family,nitrided,alloy_route,milling,melt_spinning,anneal,nitriding,consolidation,phase_outcome,sample_form,aligned,particle_size_um,property,value_as_published,unit_as_published,value_si,unit_si,basis,meas_T_K,meas_T_status,method,evidence_quote,evidence_location,extraction_note,comparability,comparability_reasons,verification_status,verified_by,verified_on,verification_note,source_license
SAITO2024-a-Hc_unspecified,10.3390/inorganics12040095,2024,SAITO2024,Sm2Fe17N3 powder (unaligned),Sm2Fe17N3,2:17,Y,"reduction-diffusion (Sm2Fe17 powder, ~30 um)",pulverized after nitrogenation (method not stated),,,nitrogenation of Sm2Fe17 powder (T/time/gas not stated),,Th2Zn17-type Sm2Fe17N3,powder,N,3,Hc_unspecified,12.4,kOe,986.8,kA/m,,,not_stated,VSM (Riken Denshi BHV-525RSCM); temperature not stated in Methods,The Sm2Fe17N3 powder exhibits a large coercivity of 12.4 kOe with a remanence of 75.3 emu/g.,"Results, Fig. 5",,B,measurement temperature not stated; coercivity type (Hcj or Hcb) not stated,verified,Joshua Chukwuemeka Ejeka,2026-10-08,"Author attestation in session on 2026-10-08 that all values were checked against the source papers. Row-level confirmations (measurement temperature, coercivity type) not returned.",CC BY 3.0
SAITO2024-a-Mr,10.3390/inorganics12040095,2024,SAITO2024,Sm2Fe17N3 powder (unaligned),Sm2Fe17N3,2:17,Y,"reduction-diffusion (Sm2Fe17 powder, ~30 um)",pulverized after nitrogenation (method not stated),,,nitrogenation of Sm2Fe17 powder (T/time/gas not stated),,Th2Zn17-type Sm2Fe17N3,powder,N,3,Mr,75.3,emu/g,75.3,A m2/kg,mass,,not_stated,VSM (Riken Denshi BHV-525RSCM); temperature not stated in Methods,The Sm2Fe17N3 powder exhibits a large coercivity of 12.4 kOe with a remanence of 75.3 emu/g.,"Results, Fig. 5",,B,measurement temperature not stated,verified,Joshua Chukwuemeka Ejeka,2026-10-08,"Author attestation in session on 2026-10-08 that all values were checked against the source papers. Row-level confirmations (measurement temperature, coercivity type) not returned.",CC BY 3.0
SAITO2024-b-Mr,10.3390/inorganics12040095,2024,SAITO2024,"Sm2Fe17N3 powder, magnetically aligned (parallel)",Sm2Fe17N3,2:17,Y,"reduction-diffusion (Sm2Fe17 powder, ~30 um)",pulverized after nitrogenation (method not stated),,,nitrogenation (T/time/gas not stated),,Th2Zn17-type Sm2Fe17N3,aligned powder,Y,3,Mr,107,emu/g,107,A m2/kg,mass,,not_stated,VSM (Riken Denshi BHV-525RSCM); temperature not stated in Methods,The powder exhibited a high remanence of 107 emu/g and a large coercivity of 10.3 kOe,"Results, Fig. 6",,B,measurement temperature not stated,verified,Joshua Chukwuemeka Ejeka,2026-10-08,"Author attestation in session on 2026-10-08 that all values were checked against the source papers. Row-level confirmations (measurement temperature, coercivity type) not returned.",CC BY 3.0
SAITO2024-b-Hc_unspecified,10.3390/inorganics12040095,2024,SAITO2024,"Sm2Fe17N3 powder, magnetically aligned (parallel)",Sm2Fe17N3,2:17,Y,"reduction-diffusion (Sm2Fe17 powder, ~30 um)",pulverized after nitrogenation (method not stated),,,nitrogenation (T/time/gas not stated),,Th2Zn17-type Sm2Fe17N3,aligned powder,Y,3,Hc_unspecified,10.3,kOe,819.6,kA/m,,,not_stated,VSM (Riken Denshi BHV-525RSCM); temperature not stated in Methods,The powder exhibited a high remanence of 107 emu/g and a large coercivity of 10.3 kOe,"Results, Fig. 6",,B,measurement temperature not stated; coercivity type (Hcj or Hcb) not stated,verified,Joshua Chukwuemeka Ejeka,2026-10-08,"Author attestation in session on 2026-10-08 that all values were checked against the source papers. Row-level confirmations (measurement temperature, coercivity type) not returned.",CC BY 3.0
SAITO2024-c-Mr,10.3390/inorganics12040095,2024,SAITO2024,"SPS bulk magnet, no additive",Sm2Fe17N3,2:17,Y,reduction-diffusion,pulverized,,,nitrogenation (not stated),"SPS 673 K, 100 MPa, 300 s, vacuum",Sm2Fe17N3,sintered bulk,Y,3,Mr,68.6,emu/g,68.6,A m2/kg,mass,,not_stated,VSM (Riken Denshi BHV-525RSCM); temperature not stated in Methods,the magnets showed a remanence of 68.6 emu/g and a coercivity of 3.05 kOe.,"Results, Fig. 9",,B,measurement temperature not stated; mass-basis value reported for a bulk magnet,verified,Joshua Chukwuemeka Ejeka,2026-10-08,"Author attestation in session on 2026-10-08 that all values were checked against the source papers. Row-level confirmations (measurement temperature, coercivity type) not returned.",CC BY 3.0
SAITO2024-c-Hc_unspecified,10.3390/inorganics12040095,2024,SAITO2024,"SPS bulk magnet, no additive",Sm2Fe17N3,2:17,Y,reduction-diffusion,pulverized,,,nitrogenation (not stated),"SPS 673 K, 100 MPa, 300 s, vacuum",Sm2Fe17N3,sintered bulk,Y,3,Hc_unspecified,3.05,kOe,242.7,kA/m,,,not_stated,VSM (Riken Denshi BHV-525RSCM); temperature not stated in Methods,the magnets showed a remanence of 68.6 emu/g and a coercivity of 3.05 kOe.,"Results, Fig. 9",,B,measurement temperature not stated; coercivity type (Hcj or Hcb) not stated,verified,Joshua Chukwuemeka Ejeka,2026-10-08,"Author attestation in session on 2026-10-08 that all values were checked against the source papers. Row-level confirmations (measurement temperature, coercivity type) not returned.",CC BY 3.0
SAITO2024-d-Mr,10.3390/inorganics12040095,2024,SAITO2024,"SPS bulk magnet, 1 wt% zinc stearate (parallel)",Sm2Fe17N3 + 1 wt% Zn stearate,2:17,Y,reduction-diffusion,pulverized,,,nitrogenation (not stated),SPS (473-673 K range studied; exact temperature for this sample not extracted),Sm2Fe17N3,sintered bulk,Y,3,Mr,90.6,emu/g,90.6,A m2/kg,mass,,not_stated,VSM (Riken Denshi BHV-525RSCM); temperature not stated in Methods,"shows a higher remanence, 90.6 emu/g, in the parallel direction than the perpendicular direction.","Results, Fig. 12",,B,measurement temperature not stated; mass-basis value reported for a bulk magnet,verified,Joshua Chukwuemeka Ejeka,2026-10-08,"Author attestation in session on 2026-10-08 that all values were checked against the source papers. Row-level confirmations (measurement temperature, coercivity type) not returned.",CC BY 3.0
SAITO2024-e-Mr,10.3390/inorganics12040095,2024,SAITO2024,"SPS bulk magnet, 1 wt% zinc stearate + 5 wt% Zn",Sm2Fe17N3 + 1 wt% Zn stearate + 5 wt% Zn,2:17,Y,reduction-diffusion,pulverized,,,nitrogenation (not stated),SPS (473-673 K range studied; exact temperature for this sample not extracted),Sm2Fe17N3,sintered bulk,Y,3,Mr,86.8,emu/g,86.8,A m2/kg,mass,,not_stated,VSM (Riken Denshi BHV-525RSCM); temperature not stated in Methods,showed a high remanence of 86.8 emu/g and a large coercivity of 9.82 kOe.,Results; Conclusions,,B,measurement temperature not stated; mass-basis value reported for a bulk magnet,verified,Joshua Chukwuemeka Ejeka,2026-10-08,"Author attestation in session on 2026-10-08 that all values were checked against the source papers. Row-level confirmations (measurement temperature, coercivity type) not returned.",CC BY 3.0
SAITO2024-e-Hc_unspecified,10.3390/inorganics12040095,2024,SAITO2024,"SPS bulk magnet, 1 wt% zinc stearate + 5 wt% Zn",Sm2Fe17N3 + 1 wt% Zn stearate + 5 wt% Zn,2:17,Y,reduction-diffusion,pulverized,,,nitrogenation (not stated),SPS (473-673 K range studied; exact temperature for this sample not extracted),Sm2Fe17N3,sintered bulk,Y,3,Hc_unspecified,9.82,kOe,781.5,kA/m,,,not_stated,VSM (Riken Denshi BHV-525RSCM); temperature not stated in Methods,showed a high remanence of 86.8 emu/g and a large coercivity of 9.82 kOe.,Results; Conclusions,,B,measurement temperature not stated; coercivity type (Hcj or Hcb) not stated,verified,Joshua Chukwuemeka Ejeka,2026-10-08,"Author attestation in session on 2026-10-08 that all values were checked against the source papers. Row-level confirmations (measurement temperature, coercivity type) not returned.",CC BY 3.0
SAITO2024-f-Tc,10.3390/inorganics12040095,2024,SAITO2024,Sm2Fe17 alloy powder,Sm2Fe17,2:17,N,reduction-diffusion,,,,,,Th2Zn17-type Sm2Fe17,powder,N,30,Tc,490,K,490,K,,,n/a,thermomagnetic curve,The thermomagnetic curve of the Sm2Fe17 alloy powder shows a magnetic transition at around 490 K.,"Results, Fig. 3a","approximate (""around"")",B,Tc given as approximate,verified,Joshua Chukwuemeka Ejeka,2026-10-08,"Author attestation in session on 2026-10-08 that all values were checked against the source papers. Row-level confirmations (measurement temperature, coercivity type) not returned.",CC BY 3.0
SAITO2024-g-Tc,10.3390/inorganics12040095,2024,SAITO2024,"Sm2Fe17N3 powder (thermomagnetic, Fig. 3b)",Sm2Fe17N3,2:17,Y,reduction-diffusion,pulverized,,,nitrogenation (not stated),,Sm2Fe17N3,powder,N,3,Tc,740,K,740,K,,,n/a,"thermomagnetic curve (Fig. 3b), measured on this sample",a large magnetic transition at around 740 K is observed in the thermomagnetic curve of the Sm2Fe17N3 powder.,"Results, Fig. 3b","approximate (""around""); measured here, stated as consistent with ref. [11]. Re-checked 2026-10-08: first extraction quoted a different sentence",B,Tc given as approximate,verified,Joshua Chukwuemeka Ejeka,2026-10-08,"Author attestation in session on 2026-10-08 that all values were checked against the source papers. Row-level confirmations (measurement temperature, coercivity type) not returned.",CC BY 3.0
LIANG2023-a-Hcj,10.1063/9.0000602,2023,LIANG2023,"anisotropic powder, 1.3 um",Sm2Fe17N3,2:17,Y,strip casting,ground with surfactant in gasoline,,,N2 gas (T/time not in abstract),,Sm2Fe17N3,powder,not stated in abstract,1.3,Hcj,17.5,kOe,1393,kA/m,,,not_stated,,The maximum value of iHc of 17.5 kOe was obtained at the Dm = 1.3 µm.,Abstract,paper uses iHc (intrinsic coercivity),B,measurement temperature not stated,verified,Joshua Chukwuemeka Ejeka,2026-10-08,"Author attestation in session on 2026-10-08 that all values were checked against the source papers. Row-level confirmations (measurement temperature, coercivity type) not returned.",CC BY 4.0
LIANG2023-b-BHmax,10.1063/9.0000602,2023,LIANG2023,"anisotropic powder, 3.1 um",Sm2Fe17N3,2:17,Y,strip casting,ground with surfactant in gasoline,,,N2 gas (T/time not in abstract),,Sm2Fe17N3,powder (alignment not stated in abstract),not stated in abstract,3.1,BHmax,35,MGOe,278.5,kJ/m3,,,not_stated,,a maximum energy product [(BH)max] of 35 MGOe.,Abstract,remanence ratio >95% also reported,B,measurement temperature not stated; (BH)max of a powder depends on an assumed packing density,verified,Joshua Chukwuemeka Ejeka,2026-10-08,"Author attestation in session on 2026-10-08 that all values were checked against the source papers. Row-level confirmations (measurement temperature, coercivity type) not returned.",CC BY 4.0
LIANG2023-c-Hcj@10K,10.1063/9.0000602,2023,LIANG2023,anisotropic powder measured at 10 K (particle size not stated in abstract),Sm2Fe17N3,2:17,Y,strip casting,ground with surfactant in gasoline,,,N2 gas,,Sm2Fe17N3,powder,not stated in abstract,,Hcj,36.1,kOe,2873,kA/m,,10,stated,,The Sm2Fe17N3 powder exhibited a very high iHc of 36.1 kOe at 10 K.,Abstract,paper uses iHc (intrinsic coercivity),C,"measured at 10 K, not room temperature",verified,Joshua Chukwuemeka Ejeka,2026-10-08,"Author attestation in session on 2026-10-08 that all values were checked against the source papers. Row-level confirmations (measurement temperature, coercivity type) not returned.",CC BY 4.0
ZHENG2020-a-Hc_unspecified,10.1063/1.5145344,2020,ZHENG2020,"USP-HR / R-D powder, 0.616 um",Sm2Fe17N3,2:17,Y,"ultrasonic spray pyrolysis + H2 reduction precursor, Ca reduction-diffusion",,,,nitridation (conditions not in abstract),,"single-phase Sm2Fe17N3, no impurity phases reported",powder,not stated in abstract,0.616,Hc_unspecified,14.7,kOe,1170,kA/m,,,not_stated,PPMS,the coercivity of 0.616 ± 0.347 µm particles reaches 14.7 kOe,Abstract,,B,measurement temperature not stated; coercivity type (Hcj or Hcb) not stated,verified,Joshua Chukwuemeka Ejeka,2026-10-08,"Author attestation in session on 2026-10-08 that all values were checked against the source papers. Row-level confirmations (measurement temperature, coercivity type) not returned.",CC BY 4.0
YE2024-a-Hc_unspecified,10.1016/j.jmrt.2024.03.040,2024,YE2024,"anisotropic Sm-Fe-N powder, designed milling",Sm-Fe-N (stoichiometry not stated in abstract),2:17,Y,commercial Sm-Fe-N powder,designed milling method (time series),,,,,not stated in abstract,powder (anisotropic),not stated in abstract,,Hc_unspecified,15.0,kOe,1194,kA/m,,,not_stated,,The measured coercivity is up to 15.0 kOe,Abstract,reported as ~36.4% above the starting commercial powder,B,measurement temperature not stated; coercivity type (Hcj or Hcb) not stated,verified,Joshua Chukwuemeka Ejeka,2026-10-08,"Author attestation in session on 2026-10-08 that all values were checked against the source papers. Row-level confirmations (measurement temperature, coercivity type) not returned.",open access; article-level licence not confirmed
HIRAYAMA2025-a-Hc_unspecified,10.3390/nano15131045,2025,HIRAYAMA2025,"ITP nanopowder x=6.0, nitrided, aligned in resin","Sm-Fe-N, Fe/Sm ~8.5",1:7,Y,"induction thermal plasma (100 kPa, 6 kW), Sm:Fe feed 1:6",,,"600 C, Ar flow","400 C, N2 flow, 15 min",aligned in resin,TbCu7-type Sm-Fe-N + Fe,aligned powder in resin,Y,0.062,Hc_unspecified,0.056,MA/m,56,kA/m,,300,stated,,"Coercivity is extremely small, being 0.056 MA/m at room temperature and 0.08 MA/m at 10 K","Section 3, Fig. 5",,B,coercivity type (Hcj or Hcb) not stated,verified,Joshua Chukwuemeka Ejeka,2026-10-08,"Author attestation in session on 2026-10-08 that all values were checked against the source papers. Row-level confirmations (measurement temperature, coercivity type) not returned.",CC BY 3.0
HIRAYAMA2025-a-Hc_unspecified@10K,10.3390/nano15131045,2025,HIRAYAMA2025,"ITP nanopowder x=6.0, nitrided, aligned in resin","Sm-Fe-N, Fe/Sm ~8.5",1:7,Y,"induction thermal plasma (100 kPa, 6 kW), Sm:Fe feed 1:6",,,"600 C, Ar flow","400 C, N2 flow, 15 min",aligned in resin,TbCu7-type Sm-Fe-N + Fe,aligned powder in resin,Y,0.062,Hc_unspecified,0.08,MA/m,80,kA/m,,10,stated,,"Coercivity is extremely small, being 0.056 MA/m at room temperature and 0.08 MA/m at 10 K","Section 3, Fig. 5",,C,"measured at 10 K, not room temperature; coercivity type (Hcj or Hcb) not stated",verified,Joshua Chukwuemeka Ejeka,2026-10-08,"Author attestation in session on 2026-10-08 that all values were checked against the source papers. Row-level confirmations (measurement temperature, coercivity type) not returned.",CC BY 3.0
ZHENG2022-a-Br,10.3390/magnetochemistry8110149,2022,ZHENG2022,"hot-pressed magnet, 5 wt% Ce72Cu22Al6 binder",Sm2Fe17N3 + 5 wt% Ce72Cu22Al6,2:17,Y,"commercial Sm2Fe17N3 powder (low-oxygen crushing), 4.42 um",,(binder only: 55 m/s),,,"2 T field orientation, CIP 500 MPa, hot press 495 C, 2 GPa, 1.5 min",Sm2Fe17N3 + binder + minor Sm-rich phase,bonded bulk (metal binder),Y,4.42,Br,10.12,kG,1.012,T,volume,,not_stated,,"reaching the maximum values of 10.12 kGs, 5.63 kOe, and 21.06 MGOe when the atomic percentage of Al is 6 at.%",Results (Fig. 5); Conclusions,INTERNAL INCONSISTENCY: abstract gives 10.19 KGs,B,measurement temperature not stated; paper reports this value inconsistently,verified,Joshua Chukwuemeka Ejeka,2026-10-08,"Author attestation in session on 2026-10-08 that all values were checked against the source papers. Row-level confirmations (measurement temperature, coercivity type) not returned.",CC BY 3.0
ZHENG2022-a-Hcj,10.3390/magnetochemistry8110149,2022,ZHENG2022,"hot-pressed magnet, 5 wt% Ce72Cu22Al6 binder",Sm2Fe17N3 + 5 wt% Ce72Cu22Al6,2:17,Y,"commercial Sm2Fe17N3 powder (low-oxygen crushing), 4.42 um",,(binder only: 55 m/s),,,"2 T field orientation, CIP 500 MPa, hot press 495 C, 2 GPa, 1.5 min",Sm2Fe17N3 + binder + minor Sm-rich phase,bonded bulk (metal binder),Y,4.42,Hcj,5.63,kOe,448,kA/m,,,not_stated,,"reaching the maximum values of 10.12 kGs, 5.63 kOe, and 21.06 MGOe when the atomic percentage of Al is 6 at.%",Results (Fig. 5); Conclusions,paper labels it intrinsic coercivity Hcj,B,measurement temperature not stated,verified,Joshua Chukwuemeka Ejeka,2026-10-08,"Author attestation in session on 2026-10-08 that all values were checked against the source papers. Row-level confirmations (measurement temperature, coercivity type) not returned.",CC BY 3.0
ZHENG2022-a-BHmax,10.3390/magnetochemistry8110149,2022,ZHENG2022,"hot-pressed magnet, 5 wt% Ce72Cu22Al6 binder",Sm2Fe17N3 + 5 wt% Ce72Cu22Al6,2:17,Y,"commercial Sm2Fe17N3 powder (low-oxygen crushing), 4.42 um",,(binder only: 55 m/s),,,"2 T field orientation, CIP 500 MPa, hot press 495 C, 2 GPa, 1.5 min",Sm2Fe17N3 + binder + minor Sm-rich phase,bonded bulk (metal binder),Y,4.42,BHmax,21.06,MGOe,167.6,kJ/m3,,,not_stated,,"reaching the maximum values of 10.12 kGs, 5.63 kOe, and 21.06 MGOe when the atomic percentage of Al is 6 at.%",Abstract; Results; Conclusions,,B,measurement temperature not stated,verified,Joshua Chukwuemeka Ejeka,2026-10-08,"Author attestation in session on 2026-10-08 that all values were checked against the source papers. Row-level confirmations (measurement temperature, coercivity type) not returned.",CC BY 3.0
