meas_id,sample_id,source_id,property,value_as_published,unit_as_published,value_si,unit_si,basis,meas_T_K,meas_T_status,method,evidence_quote,evidence_location,extraction_note,comparability,comparability_reasons,verification_status,verified_by,verified_on,verification_note
SAITO2024-a-Hc_unspecified,SAITO2024-a,SAITO2024,Hc_unspecified,12.4,kOe,986.8,kA/m,,,not_stated,VSM (Riken Denshi BHV-525RSCM); temperature not stated in Methods,The Sm2Fe17N3 powder exhibits a large coercivity of 12.4 kOe with a remanence of 75.3 emu/g.,"Results, Fig. 5",,B,measurement temperature not stated; coercivity type (Hcj or Hcb) not stated,verified,Joshua Chukwuemeka Ejeka,2026-10-08,"Author attestation in session on 2026-10-08 that all values were checked against the source papers. Row-level confirmations (measurement temperature, coercivity type) not returned."
SAITO2024-a-Mr,SAITO2024-a,SAITO2024,Mr,75.3,emu/g,75.3,A m2/kg,mass,,not_stated,VSM (Riken Denshi BHV-525RSCM); temperature not stated in Methods,The Sm2Fe17N3 powder exhibits a large coercivity of 12.4 kOe with a remanence of 75.3 emu/g.,"Results, Fig. 5",,B,measurement temperature not stated,verified,Joshua Chukwuemeka Ejeka,2026-10-08,"Author attestation in session on 2026-10-08 that all values were checked against the source papers. Row-level confirmations (measurement temperature, coercivity type) not returned."
SAITO2024-b-Mr,SAITO2024-b,SAITO2024,Mr,107,emu/g,107,A m2/kg,mass,,not_stated,VSM (Riken Denshi BHV-525RSCM); temperature not stated in Methods,The powder exhibited a high remanence of 107 emu/g and a large coercivity of 10.3 kOe,"Results, Fig. 6",,B,measurement temperature not stated,verified,Joshua Chukwuemeka Ejeka,2026-10-08,"Author attestation in session on 2026-10-08 that all values were checked against the source papers. Row-level confirmations (measurement temperature, coercivity type) not returned."
SAITO2024-b-Hc_unspecified,SAITO2024-b,SAITO2024,Hc_unspecified,10.3,kOe,819.6,kA/m,,,not_stated,VSM (Riken Denshi BHV-525RSCM); temperature not stated in Methods,The powder exhibited a high remanence of 107 emu/g and a large coercivity of 10.3 kOe,"Results, Fig. 6",,B,measurement temperature not stated; coercivity type (Hcj or Hcb) not stated,verified,Joshua Chukwuemeka Ejeka,2026-10-08,"Author attestation in session on 2026-10-08 that all values were checked against the source papers. Row-level confirmations (measurement temperature, coercivity type) not returned."
SAITO2024-c-Mr,SAITO2024-c,SAITO2024,Mr,68.6,emu/g,68.6,A m2/kg,mass,,not_stated,VSM (Riken Denshi BHV-525RSCM); temperature not stated in Methods,the magnets showed a remanence of 68.6 emu/g and a coercivity of 3.05 kOe.,"Results, Fig. 9",,B,measurement temperature not stated; mass-basis value reported for a bulk magnet,verified,Joshua Chukwuemeka Ejeka,2026-10-08,"Author attestation in session on 2026-10-08 that all values were checked against the source papers. Row-level confirmations (measurement temperature, coercivity type) not returned."
SAITO2024-c-Hc_unspecified,SAITO2024-c,SAITO2024,Hc_unspecified,3.05,kOe,242.7,kA/m,,,not_stated,VSM (Riken Denshi BHV-525RSCM); temperature not stated in Methods,the magnets showed a remanence of 68.6 emu/g and a coercivity of 3.05 kOe.,"Results, Fig. 9",,B,measurement temperature not stated; coercivity type (Hcj or Hcb) not stated,verified,Joshua Chukwuemeka Ejeka,2026-10-08,"Author attestation in session on 2026-10-08 that all values were checked against the source papers. Row-level confirmations (measurement temperature, coercivity type) not returned."
SAITO2024-d-Mr,SAITO2024-d,SAITO2024,Mr,90.6,emu/g,90.6,A m2/kg,mass,,not_stated,VSM (Riken Denshi BHV-525RSCM); temperature not stated in Methods,"shows a higher remanence, 90.6 emu/g, in the parallel direction than the perpendicular direction.","Results, Fig. 12",,B,measurement temperature not stated; mass-basis value reported for a bulk magnet,verified,Joshua Chukwuemeka Ejeka,2026-10-08,"Author attestation in session on 2026-10-08 that all values were checked against the source papers. Row-level confirmations (measurement temperature, coercivity type) not returned."
SAITO2024-e-Mr,SAITO2024-e,SAITO2024,Mr,86.8,emu/g,86.8,A m2/kg,mass,,not_stated,VSM (Riken Denshi BHV-525RSCM); temperature not stated in Methods,showed a high remanence of 86.8 emu/g and a large coercivity of 9.82 kOe.,Results; Conclusions,,B,measurement temperature not stated; mass-basis value reported for a bulk magnet,verified,Joshua Chukwuemeka Ejeka,2026-10-08,"Author attestation in session on 2026-10-08 that all values were checked against the source papers. Row-level confirmations (measurement temperature, coercivity type) not returned."
SAITO2024-e-Hc_unspecified,SAITO2024-e,SAITO2024,Hc_unspecified,9.82,kOe,781.5,kA/m,,,not_stated,VSM (Riken Denshi BHV-525RSCM); temperature not stated in Methods,showed a high remanence of 86.8 emu/g and a large coercivity of 9.82 kOe.,Results; Conclusions,,B,measurement temperature not stated; coercivity type (Hcj or Hcb) not stated,verified,Joshua Chukwuemeka Ejeka,2026-10-08,"Author attestation in session on 2026-10-08 that all values were checked against the source papers. Row-level confirmations (measurement temperature, coercivity type) not returned."
SAITO2024-f-Tc,SAITO2024-f,SAITO2024,Tc,490,K,490,K,,,n/a,thermomagnetic curve,The thermomagnetic curve of the Sm2Fe17 alloy powder shows a magnetic transition at around 490 K.,"Results, Fig. 3a","approximate (""around"")",B,Tc given as approximate,verified,Joshua Chukwuemeka Ejeka,2026-10-08,"Author attestation in session on 2026-10-08 that all values were checked against the source papers. Row-level confirmations (measurement temperature, coercivity type) not returned."
SAITO2024-g-Tc,SAITO2024-g,SAITO2024,Tc,740,K,740,K,,,n/a,"thermomagnetic curve (Fig. 3b), measured on this sample",a large magnetic transition at around 740 K is observed in the thermomagnetic curve of the Sm2Fe17N3 powder.,"Results, Fig. 3b","approximate (""around""); measured here, stated as consistent with ref. [11]. Re-checked 2026-10-08: first extraction quoted a different sentence",B,Tc given as approximate,verified,Joshua Chukwuemeka Ejeka,2026-10-08,"Author attestation in session on 2026-10-08 that all values were checked against the source papers. Row-level confirmations (measurement temperature, coercivity type) not returned."
LIANG2023-a-Hcj,LIANG2023-a,LIANG2023,Hcj,17.5,kOe,1393,kA/m,,,not_stated,,The maximum value of iHc of 17.5 kOe was obtained at the Dm = 1.3 µm.,Abstract,paper uses iHc (intrinsic coercivity),B,measurement temperature not stated,verified,Joshua Chukwuemeka Ejeka,2026-10-08,"Author attestation in session on 2026-10-08 that all values were checked against the source papers. Row-level confirmations (measurement temperature, coercivity type) not returned."
LIANG2023-b-BHmax,LIANG2023-b,LIANG2023,BHmax,35,MGOe,278.5,kJ/m3,,,not_stated,,a maximum energy product [(BH)max] of 35 MGOe.,Abstract,remanence ratio >95% also reported,B,measurement temperature not stated; (BH)max of a powder depends on an assumed packing density,verified,Joshua Chukwuemeka Ejeka,2026-10-08,"Author attestation in session on 2026-10-08 that all values were checked against the source papers. Row-level confirmations (measurement temperature, coercivity type) not returned."
LIANG2023-c-Hcj@10K,LIANG2023-c,LIANG2023,Hcj,36.1,kOe,2873,kA/m,,10,stated,,The Sm2Fe17N3 powder exhibited a very high iHc of 36.1 kOe at 10 K.,Abstract,paper uses iHc (intrinsic coercivity),C,"measured at 10 K, not room temperature",verified,Joshua Chukwuemeka Ejeka,2026-10-08,"Author attestation in session on 2026-10-08 that all values were checked against the source papers. Row-level confirmations (measurement temperature, coercivity type) not returned."
ZHENG2020-a-Hc_unspecified,ZHENG2020-a,ZHENG2020,Hc_unspecified,14.7,kOe,1170,kA/m,,,not_stated,PPMS,the coercivity of 0.616 ± 0.347 µm particles reaches 14.7 kOe,Abstract,,B,measurement temperature not stated; coercivity type (Hcj or Hcb) not stated,verified,Joshua Chukwuemeka Ejeka,2026-10-08,"Author attestation in session on 2026-10-08 that all values were checked against the source papers. Row-level confirmations (measurement temperature, coercivity type) not returned."
YE2024-a-Hc_unspecified,YE2024-a,YE2024,Hc_unspecified,15.0,kOe,1194,kA/m,,,not_stated,,The measured coercivity is up to 15.0 kOe,Abstract,reported as ~36.4% above the starting commercial powder,B,measurement temperature not stated; coercivity type (Hcj or Hcb) not stated,verified,Joshua Chukwuemeka Ejeka,2026-10-08,"Author attestation in session on 2026-10-08 that all values were checked against the source papers. Row-level confirmations (measurement temperature, coercivity type) not returned."
HIRAYAMA2025-a-Hc_unspecified,HIRAYAMA2025-a,HIRAYAMA2025,Hc_unspecified,0.056,MA/m,56,kA/m,,300,stated,,"Coercivity is extremely small, being 0.056 MA/m at room temperature and 0.08 MA/m at 10 K","Section 3, Fig. 5",,B,coercivity type (Hcj or Hcb) not stated,verified,Joshua Chukwuemeka Ejeka,2026-10-08,"Author attestation in session on 2026-10-08 that all values were checked against the source papers. Row-level confirmations (measurement temperature, coercivity type) not returned."
HIRAYAMA2025-a-Hc_unspecified@10K,HIRAYAMA2025-a,HIRAYAMA2025,Hc_unspecified,0.08,MA/m,80,kA/m,,10,stated,,"Coercivity is extremely small, being 0.056 MA/m at room temperature and 0.08 MA/m at 10 K","Section 3, Fig. 5",,C,"measured at 10 K, not room temperature; coercivity type (Hcj or Hcb) not stated",verified,Joshua Chukwuemeka Ejeka,2026-10-08,"Author attestation in session on 2026-10-08 that all values were checked against the source papers. Row-level confirmations (measurement temperature, coercivity type) not returned."
ZHENG2022-a-Br,ZHENG2022-a,ZHENG2022,Br,10.12,kG,1.012,T,volume,,not_stated,,"reaching the maximum values of 10.12 kGs, 5.63 kOe, and 21.06 MGOe when the atomic percentage of Al is 6 at.%",Results (Fig. 5); Conclusions,INTERNAL INCONSISTENCY: abstract gives 10.19 KGs,B,measurement temperature not stated; paper reports this value inconsistently,verified,Joshua Chukwuemeka Ejeka,2026-10-08,"Author attestation in session on 2026-10-08 that all values were checked against the source papers. Row-level confirmations (measurement temperature, coercivity type) not returned."
ZHENG2022-a-Hcj,ZHENG2022-a,ZHENG2022,Hcj,5.63,kOe,448,kA/m,,,not_stated,,"reaching the maximum values of 10.12 kGs, 5.63 kOe, and 21.06 MGOe when the atomic percentage of Al is 6 at.%",Results (Fig. 5); Conclusions,paper labels it intrinsic coercivity Hcj,B,measurement temperature not stated,verified,Joshua Chukwuemeka Ejeka,2026-10-08,"Author attestation in session on 2026-10-08 that all values were checked against the source papers. Row-level confirmations (measurement temperature, coercivity type) not returned."
ZHENG2022-a-BHmax,ZHENG2022-a,ZHENG2022,BHmax,21.06,MGOe,167.6,kJ/m3,,,not_stated,,"reaching the maximum values of 10.12 kGs, 5.63 kOe, and 21.06 MGOe when the atomic percentage of Al is 6 at.%",Abstract; Results; Conclusions,,B,measurement temperature not stated,verified,Joshua Chukwuemeka Ejeka,2026-10-08,"Author attestation in session on 2026-10-08 that all values were checked against the source papers. Row-level confirmations (measurement temperature, coercivity type) not returned."
