meas_id,doi,what_to_check,status,corrected_value,corrected_unit,confirmed_meas_T,confirmed_property,verified_by,verified_on,note
SAITO2024-a-Hc_unspecified,10.3390/inorganics12040095,"Hc_unspecified = 12.4 kOe | Sm2Fe17N3 powder (unaligned) | at Results, Fig. 5",verified,,,,,Joshua Chukwuemeka Ejeka,2026-10-08,"Author attestation in session on 2026-10-08 that all values were checked against the source papers. Row-level confirmations (measurement temperature, coercivity type) not returned."
SAITO2024-a-Mr,10.3390/inorganics12040095,"Mr = 75.3 emu/g | Sm2Fe17N3 powder (unaligned) | at Results, Fig. 5",verified,,,,,Joshua Chukwuemeka Ejeka,2026-10-08,"Author attestation in session on 2026-10-08 that all values were checked against the source papers. Row-level confirmations (measurement temperature, coercivity type) not returned."
SAITO2024-b-Mr,10.3390/inorganics12040095,"Mr = 107 emu/g | Sm2Fe17N3 powder, magnetically aligned (parallel) | at Results, Fig. 6",verified,,,,,Joshua Chukwuemeka Ejeka,2026-10-08,"Author attestation in session on 2026-10-08 that all values were checked against the source papers. Row-level confirmations (measurement temperature, coercivity type) not returned."
SAITO2024-b-Hc_unspecified,10.3390/inorganics12040095,"Hc_unspecified = 10.3 kOe | Sm2Fe17N3 powder, magnetically aligned (parallel) | at Results, Fig. 6",verified,,,,,Joshua Chukwuemeka Ejeka,2026-10-08,"Author attestation in session on 2026-10-08 that all values were checked against the source papers. Row-level confirmations (measurement temperature, coercivity type) not returned."
SAITO2024-c-Mr,10.3390/inorganics12040095,"Mr = 68.6 emu/g | SPS bulk magnet, no additive | at Results, Fig. 9",verified,,,,,Joshua Chukwuemeka Ejeka,2026-10-08,"Author attestation in session on 2026-10-08 that all values were checked against the source papers. Row-level confirmations (measurement temperature, coercivity type) not returned."
SAITO2024-c-Hc_unspecified,10.3390/inorganics12040095,"Hc_unspecified = 3.05 kOe | SPS bulk magnet, no additive | at Results, Fig. 9",verified,,,,,Joshua Chukwuemeka Ejeka,2026-10-08,"Author attestation in session on 2026-10-08 that all values were checked against the source papers. Row-level confirmations (measurement temperature, coercivity type) not returned."
SAITO2024-d-Mr,10.3390/inorganics12040095,"Mr = 90.6 emu/g | SPS bulk magnet, 1 wt% zinc stearate (parallel) | at Results, Fig. 12",verified,,,,,Joshua Chukwuemeka Ejeka,2026-10-08,"Author attestation in session on 2026-10-08 that all values were checked against the source papers. Row-level confirmations (measurement temperature, coercivity type) not returned."
SAITO2024-e-Mr,10.3390/inorganics12040095,"Mr = 86.8 emu/g | SPS bulk magnet, 1 wt% zinc stearate + 5 wt% Zn | at Results; Conclusions",verified,,,,,Joshua Chukwuemeka Ejeka,2026-10-08,"Author attestation in session on 2026-10-08 that all values were checked against the source papers. Row-level confirmations (measurement temperature, coercivity type) not returned."
SAITO2024-e-Hc_unspecified,10.3390/inorganics12040095,"Hc_unspecified = 9.82 kOe | SPS bulk magnet, 1 wt% zinc stearate + 5 wt% Zn | at Results; Conclusions",verified,,,,,Joshua Chukwuemeka Ejeka,2026-10-08,"Author attestation in session on 2026-10-08 that all values were checked against the source papers. Row-level confirmations (measurement temperature, coercivity type) not returned."
SAITO2024-f-Tc,10.3390/inorganics12040095,"Tc = 490 K | Sm2Fe17 alloy powder | at Results, Fig. 3a",verified,,,,,Joshua Chukwuemeka Ejeka,2026-10-08,"Author attestation in session on 2026-10-08 that all values were checked against the source papers. Row-level confirmations (measurement temperature, coercivity type) not returned."
SAITO2024-g-Tc,10.3390/inorganics12040095,"Tc = 740 K | Sm2Fe17N3 powder (thermomagnetic, Fig. 3b) | at Results, Fig. 3b",verified,,,,,Joshua Chukwuemeka Ejeka,2026-10-08,"Author attestation in session on 2026-10-08 that all values were checked against the source papers. Row-level confirmations (measurement temperature, coercivity type) not returned."
LIANG2023-a-Hcj,10.1063/9.0000602,"Hcj = 17.5 kOe | anisotropic powder, 1.3 um | at Abstract",verified,,,,,Joshua Chukwuemeka Ejeka,2026-10-08,"Author attestation in session on 2026-10-08 that all values were checked against the source papers. Row-level confirmations (measurement temperature, coercivity type) not returned."
LIANG2023-b-BHmax,10.1063/9.0000602,"BHmax = 35 MGOe | anisotropic powder, 3.1 um | at Abstract",verified,,,,,Joshua Chukwuemeka Ejeka,2026-10-08,"Author attestation in session on 2026-10-08 that all values were checked against the source papers. Row-level confirmations (measurement temperature, coercivity type) not returned."
LIANG2023-c-Hcj@10K,10.1063/9.0000602,Hcj = 36.1 kOe | anisotropic powder measured at 10 K (particle size not stated in abstract) | at Abstract,verified,,,,,Joshua Chukwuemeka Ejeka,2026-10-08,"Author attestation in session on 2026-10-08 that all values were checked against the source papers. Row-level confirmations (measurement temperature, coercivity type) not returned."
ZHENG2020-a-Hc_unspecified,10.1063/1.5145344,"Hc_unspecified = 14.7 kOe | USP-HR / R-D powder, 0.616 um | at Abstract",verified,,,,,Joshua Chukwuemeka Ejeka,2026-10-08,"Author attestation in session on 2026-10-08 that all values were checked against the source papers. Row-level confirmations (measurement temperature, coercivity type) not returned."
YE2024-a-Hc_unspecified,10.1016/j.jmrt.2024.03.040,"Hc_unspecified = 15.0 kOe | anisotropic Sm-Fe-N powder, designed milling | at Abstract",verified,,,,,Joshua Chukwuemeka Ejeka,2026-10-08,"Author attestation in session on 2026-10-08 that all values were checked against the source papers. Row-level confirmations (measurement temperature, coercivity type) not returned."
HIRAYAMA2025-a-Hc_unspecified,10.3390/nano15131045,"Hc_unspecified = 0.056 MA/m | ITP nanopowder x=6.0, nitrided, aligned in resin | at Section 3, Fig. 5",verified,,,,,Joshua Chukwuemeka Ejeka,2026-10-08,"Author attestation in session on 2026-10-08 that all values were checked against the source papers. Row-level confirmations (measurement temperature, coercivity type) not returned."
HIRAYAMA2025-a-Hc_unspecified@10K,10.3390/nano15131045,"Hc_unspecified = 0.08 MA/m | ITP nanopowder x=6.0, nitrided, aligned in resin | at Section 3, Fig. 5",verified,,,,,Joshua Chukwuemeka Ejeka,2026-10-08,"Author attestation in session on 2026-10-08 that all values were checked against the source papers. Row-level confirmations (measurement temperature, coercivity type) not returned."
ZHENG2022-a-Br,10.3390/magnetochemistry8110149,"Br = 10.12 kG | hot-pressed magnet, 5 wt% Ce72Cu22Al6 binder | at Results (Fig. 5); Conclusions",verified,,,,,Joshua Chukwuemeka Ejeka,2026-10-08,"Author attestation in session on 2026-10-08 that all values were checked against the source papers. Row-level confirmations (measurement temperature, coercivity type) not returned."
ZHENG2022-a-Hcj,10.3390/magnetochemistry8110149,"Hcj = 5.63 kOe | hot-pressed magnet, 5 wt% Ce72Cu22Al6 binder | at Results (Fig. 5); Conclusions",verified,,,,,Joshua Chukwuemeka Ejeka,2026-10-08,"Author attestation in session on 2026-10-08 that all values were checked against the source papers. Row-level confirmations (measurement temperature, coercivity type) not returned."
ZHENG2022-a-BHmax,10.3390/magnetochemistry8110149,"BHmax = 21.06 MGOe | hot-pressed magnet, 5 wt% Ce72Cu22Al6 binder | at Abstract; Results; Conclusions",verified,,,,,Joshua Chukwuemeka Ejeka,2026-10-08,"Author attestation in session on 2026-10-08 that all values were checked against the source papers. Row-level confirmations (measurement temperature, coercivity type) not returned."
